{"amount_mean": 2.913951958230651e-17, "amount_scale": 1.0, "time_mean": -3.065637128659096e-16, "time_scale": 0.9999999999999999, "feature_order": ["Time", "V1", "V2", "V3", "V4", "V5", "V6", "V7", "V8", "V9", "V10", "V11", "V12", "V13", "V14", "V15", "V16", "V17", "V18", "V19", "V20", "V21", "V22", "V23", "V24", "V25", "V26", "V27", "V28", "Amount"]}